# Every requirement id in OWASP ASVS 4.0.3, with the lowest level that
# requires it and the CWE the standard assigns.
#
# Parsed from https://github.com/OWASP/ASVS/tree/v4.0.3/4.0/en (the fourteen
# 0x**-V*.md chapter files).  Shipped rather than fetched so tools/check_docs.py
# can tell an ASVS requirement id from a version string or a Python version
# offline, and so docs/COMPLIANCE.md can be regenerated against a fixed list.
#
# id	level	cwe
1.1.1	2	
1.1.2	2	1053
1.1.3	2	1110
1.1.4	2	1059
1.1.5	2	1059
1.1.6	2	637
1.1.7	2	637
1.2.1	2	250
1.2.2	2	306
1.2.3	2	306
1.2.4	2	306
1.4.1	2	602
1.4.2	3	
1.4.3	3	
1.4.4	2	284
1.4.5	2	275
1.5.1	2	1029
1.5.2	2	502
1.5.3	2	602
1.5.4	2	116
1.6.1	2	320
1.6.2	2	320
1.6.3	2	320
1.6.4	2	320
1.7.1	2	1009
1.7.2	2	
1.8.1	2	
1.8.2	2	
1.9.1	2	319
1.9.2	2	295
1.10.1	2	284
1.11.1	2	1059
1.11.2	2	362
1.11.3	3	367
1.12.1	3	
1.12.2	2	646
1.14.1	2	923
1.14.2	2	494
1.14.3	2	1104
1.14.4	2	
1.14.5	2	265
1.14.6	2	477
2.1.1	1	521
2.1.2	1	521
2.1.3	1	521
2.1.4	1	521
2.1.5	1	620
2.1.6	1	620
2.1.7	1	521
2.1.8	1	521
2.1.9	1	521
2.1.10	1	263
2.1.11	1	521
2.1.12	1	521
2.2.1	1	307
2.2.2	1	304
2.2.3	1	620
2.2.4	3	308
2.2.5	3	319
2.2.6	3	308
2.2.7	3	308
2.3.1	1	330
2.3.2	2	308
2.3.3	2	287
2.4.1	2	916
2.4.2	2	916
2.4.3	2	916
2.4.4	2	916
2.4.5	2	916
2.5.1	1	640
2.5.2	1	640
2.5.3	1	640
2.5.4	1	16
2.5.5	1	304
2.5.6	1	640
2.5.7	2	308
2.6.1	2	308
2.6.2	2	330
2.6.3	2	310
2.7.1	1	287
2.7.2	1	287
2.7.3	1	287
2.7.4	1	523
2.7.5	2	256
2.7.6	2	310
2.8.1	1	613
2.8.2	2	320
2.8.3	2	326
2.8.4	2	287
2.8.5	2	287
2.8.6	2	613
2.8.7	3	308
2.9.1	2	320
2.9.2	2	330
2.9.3	2	327
2.10.1	3	287
2.10.2	3	255
2.10.3	3	522
2.10.4	3	798
3.1.1	1	598
3.2.1	1	384
3.2.2	1	331
3.2.3	1	539
3.2.4	2	331
3.3.1	1	613
3.3.2	3	613
3.3.3	2	613
3.3.4	2	613
3.4.1	1	614
3.4.2	1	1004
3.4.3	1	16
3.4.4	1	16
3.4.5	1	16
3.5.1	2	290
3.5.2	2	798
3.5.3	2	345
3.6.1	3	613
3.6.2	3	613
3.7.1	1	306
4.1.1	1	602
4.1.2	1	639
4.1.3	1	285
4.1.4	3	
4.1.5	1	285
4.2.1	1	639
4.2.2	1	352
4.3.1	1	419
4.3.2	1	548
4.3.3	2	732
5.1.1	1	235
5.1.2	1	915
5.1.3	1	20
5.1.4	1	20
5.1.5	1	601
5.2.1	1	116
5.2.2	1	138
5.2.3	1	147
5.2.4	1	95
5.2.5	1	94
5.2.6	1	918
5.2.7	1	159
5.2.8	1	94
5.3.1	1	116
5.3.2	1	176
5.3.3	1	79
5.3.4	1	89
5.3.5	1	89
5.3.6	1	830
5.3.7	1	90
5.3.8	1	78
5.3.9	1	829
5.3.10	1	643
5.4.1	2	120
5.4.2	2	134
5.4.3	2	190
5.5.1	1	502
5.5.2	1	611
5.5.3	1	502
5.5.4	1	95
6.1.1	2	311
6.1.2	2	311
6.1.3	2	311
6.2.1	1	310
6.2.2	2	327
6.2.3	2	326
6.2.4	2	326
6.2.5	2	326
6.2.6	2	326
6.2.7	3	326
6.2.8	3	385
6.3.1	2	338
6.3.2	2	338
6.3.3	3	338
6.4.1	2	798
6.4.2	2	320
7.1.1	1	532
7.1.2	1	532
7.1.3	2	778
7.1.4	2	778
7.2.1	2	778
7.2.2	2	285
7.3.1	2	117
7.3.2	3	
7.3.3	2	200
7.3.4	2	
7.4.1	1	210
7.4.2	2	544
7.4.3	2	431
8.1.1	2	524
8.1.2	2	524
8.1.3	2	233
8.1.4	2	770
8.1.5	3	19
8.1.6	3	19
8.2.1	1	525
8.2.2	1	922
8.2.3	1	922
8.3.1	1	319
8.3.2	1	212
8.3.3	1	285
8.3.4	1	200
8.3.5	2	532
8.3.6	2	226
8.3.7	2	327
8.3.8	2	285
9.1.1	1	319
9.1.2	1	326
9.1.3	1	326
9.2.1	2	295
9.2.2	2	319
9.2.3	2	287
9.2.4	2	299
9.2.5	3	544
10.1.1	3	749
10.2.1	2	359
10.2.2	2	272
10.2.3	3	507
10.2.4	3	511
10.2.5	3	511
10.2.6	3	507
10.3.1	1	16
10.3.2	1	353
10.3.3	1	350
11.1.1	1	841
11.1.2	1	799
11.1.3	1	770
11.1.4	1	770
11.1.5	1	841
11.1.6	2	367
11.1.7	2	754
11.1.8	2	390
12.1.1	1	400
12.1.2	2	409
12.1.3	2	770
12.2.1	2	434
12.3.1	1	22
12.3.2	1	73
12.3.3	1	98
12.3.4	1	641
12.3.5	1	78
12.3.6	2	829
12.4.1	1	552
12.4.2	1	509
12.5.1	1	552
12.5.2	1	434
12.6.1	1	918
13.1.1	1	116
13.1.2	3	
13.1.3	1	598
13.1.4	2	285
13.1.5	2	434
13.2.1	1	650
13.2.2	1	20
13.2.3	1	352
13.2.4	3	
13.2.5	2	436
13.2.6	2	345
13.3.1	1	20
13.3.2	2	345
13.4.1	2	770
13.4.2	2	285
14.1.1	2	
14.1.2	2	120
14.1.3	2	16
14.1.4	2	
14.1.5	3	
14.2.1	1	1026
14.2.2	1	1002
14.2.3	1	829
14.2.4	2	829
14.2.5	2	
14.2.6	2	265
14.3.1	3	
14.3.2	1	497
14.3.3	1	200
14.4.1	1	173
14.4.2	1	116
14.4.3	1	1021
14.4.4	1	116
14.4.5	1	523
14.4.6	1	116
14.4.7	1	1021
14.5.1	1	749
14.5.2	1	346
14.5.3	1	346
14.5.4	2	306
